{
  "step": "bench03",
  "outputs": {
    "json": "intermediate/outputs/bench03_compare_metrics.json",
    "markdown": "intermediate/outputs/bench03_compare_table.md"
  },
  "metrics_by_model": {
    "qwen-max": {
      "bleu1": 0.499458,
      "bleu4": 0.179303,
      "rouge1_f": 0.53868,
      "rouge2_f": 0.242096,
      "rougeL_f": 0.3496,
      "n_pairs": 274
    },
    "glm-5": {
      "bleu1": 0.195863,
      "bleu4": 0.061081,
      "rouge1_f": 0.42954,
      "rouge2_f": 0.175377,
      "rougeL_f": 0.275188,
      "n_pairs": 276
    },
    "deepseek-v3": {
      "bleu1": 0.523963,
      "bleu4": 0.19035,
      "rouge1_f": 0.538846,
      "rouge2_f": 0.244547,
      "rougeL_f": 0.366251,
      "n_pairs": 274
    }
  },
  "finished_at_utc": "2026-05-05T02:41:40.492625+00:00"
}
