{
  "step": "bench03",
  "outputs": {
    "json": "intermediate/outputs/bench03_compare_metrics.json",
    "markdown": "intermediate/outputs/bench03_compare_table.md"
  },
  "metrics_by_model": {
    "qwen-max": {
      "bleu1": 0.546828,
      "bleu4": 0.284449,
      "rouge1_f": 0.492117,
      "rouge2_f": 0.412381,
      "rougeL_f": 0.438063,
      "n_pairs": 5
    },
    "glm-5": {
      "bleu1": 0.575709,
      "bleu4": 0.292226,
      "rouge1_f": 0.699359,
      "rouge2_f": 0.637066,
      "rougeL_f": 0.598077,
      "n_pairs": 5
    },
    "deepseek-v3": {
      "bleu1": 0.595491,
      "bleu4": 0.299406,
      "rouge1_f": 0.75,
      "rouge2_f": 0.666667,
      "rougeL_f": 0.75,
      "n_pairs": 2
    }
  },
  "finished_at_utc": "2026-05-04T08:38:25.919715+00:00"
}
