{
  "step": "bench03",
  "outputs": {
    "json": "intermediate/outputs/bench03_compare_metrics.json",
    "markdown": "intermediate/outputs/bench03_compare_table.md"
  },
  "metrics_by_model": {
    "qwen-max": {
      "bleu1": 0.482615,
      "bleu4": 0.176085,
      "rouge1_f": 0.524139,
      "rouge2_f": 0.227235,
      "rougeL_f": 0.363202,
      "n_pairs": 5
    },
    "glm-5": {
      "bleu1": 0.500736,
      "bleu4": 0.168751,
      "rouge1_f": 0.530368,
      "rouge2_f": 0.233036,
      "rougeL_f": 0.373516,
      "n_pairs": 5
    },
    "deepseek-v3": {
      "bleu1": 0.515667,
      "bleu4": 0.165253,
      "rouge1_f": 0.52266,
      "rouge2_f": 0.215331,
      "rougeL_f": 0.352722,
      "n_pairs": 5
    }
  },
  "finished_at_utc": "2026-05-04T08:57:57.579032+00:00"
}
